	iflood_Time	NOAA_time	NOAA_U_WASD2	NOAA_V_WASD2	iflood_U_WASD2	iflood_V_WASD2	iflood_mag_WASD2	NOAA_mag_WASD2	NOAA_U_BISM2	NOAA_V_BISM2	iflood_U_BISM2	iflood_V_BISM2	iflood_mag_BISM2	NOAA_mag_BISM2	NOAA_U_BLTM2	NOAA_V_BLTM2	iflood_U_BLTM2	iflood_V_BLTM2	iflood_mag_BLTM2	NOAA_mag_BLTM2	NOAA_U_SLIM2	NOAA_V_SLIM2	iflood_U_SLIM2	iflood_V_SLIM2	iflood_mag_SLIM2	NOAA_mag_SLIM2	NOAA_U_KPTV2	NOAA_V_KPTV2	iflood_U_KPTV2	iflood_V_KPTV2	iflood_mag_KPTV2	NOAA_mag_KPTV2	NOAA_U_CBBV2	NOAA_V_CBBV2	iflood_U_CBBV2	iflood_V_CBBV2	iflood_mag_CBBV2	NOAA_mag_CBBV2
0	2018-10-03 07:00:00		0.25881904510252074	0.9659258262890683				2.5	0.1564344650402309	0.9876883405951377				4.9	0.45399049973954686	0.8910065241883679				1.2	0.37460659341591196	0.9271838545667874				2.8	0.45399049973954686	0.8910065241883679				4.8	0.5150380749100542	0.8571673007021123				4.8
1	2018-10-03 08:00:00		0.3907311284892737	0.9205048534524404				1.1	0.46947156278589086	0.8829475928589269				4.3	0.6819983600624985	0.7313537016191705				0.9	0.3583679495453004	0.9335804264972017				5.3	0.42261826174069944	0.9063077870366499				4.5	0.5299192642332049	0.848048096156426				4.7
2	2018-10-03 09:00:00		0.19080899537654492	0.9816271834476639				1.1	0.4067366430758002	0.913545457642601				5.2	0.46947156278589086	0.8829475928589269				0.6	0.3420201433256688	0.9396926207859083				5.1	0.6560590289905073	0.7547095802227721				5.4	0.6946583704589973	0.7193398003386511				5.2
3	2018-10-03 10:00:00		0.3583679495453004	0.9335804264972019				1.3	0.45399049973954686	0.8910065241883679				4.9	0.90630778703665	0.42261826174069955				0.6	0.4539904997395468	0.8910065241883678				4.3	0.7986355100472928	0.6018150231520483				5.1	0.766044443118978	0.6427876096865393				4.3
4	2018-10-03 11:00:00		0.3583679495453004	0.9335804264972017				1.9	0.6018150231520484	0.7986355100472928				6.0	0.6819983600624985	0.7313537016191705				0.7	0.4383711467890774	0.8987940462991669				1.9	0.7660444431189781	0.6427876096865394				5.5	0.7771459614569709	0.6293203910498374				3.5
5	2018-10-03 12:00:00		0.27563735581699916	0.9612616959383189				2.2	0.6560590289905074	0.754709580222772				7.2	0.1908089953765449	0.9816271834476639				0.6	0.5446390350150271	0.8386705679454239				3.5	0.8386705679454239	0.544639035015027				5.1	0.7313537016191703	0.6819983600624985				6.1
6	2018-10-03 13:00:00		0.19080899537654492	0.981627183447664				2.9	0.5150380749100542	0.8571673007021123				5.9	0.5735764363510462	0.8191520442889918				1.3	0.5000000000000002	0.8660254037844387				5.2	0.8090169943749475	0.5877852522924731				4.8	0.7193398003386512	0.6946583704589973				5.2
7	2018-10-03 14:00:00		-0.08715574274765824	0.9961946980917455				3.4	0.5877852522924731	0.8090169943749475				6.7	0.9135454576426009	0.4067366430758002				0.2	0.4226182617406995	0.9063077870366499				5.1	0.8571673007021122	0.5150380749100542				5.6	0.8290375725550416	0.5591929034707469				3.3
8	2018-10-03 15:00:00		-0.13917310096006535	0.9902680687415704				4.4	0.43837114678907746	0.898794046299167				5.6	0.9848077530122081	0.17364817766693036				2.3	0.469471562785891	0.882947592858927				6.0	0.8571673007021123	0.5150380749100542				4.8	0.7880107536067219	0.6156614753256583				3.7
9	2018-10-03 16:00:00		-0.08715574274765824	0.9961946980917455				5.1	0.5735764363510462	0.8191520442889919				5.6	0.8290375725550416	0.5591929034707469				2.1	0.6427876096865394	0.766044443118978				6.2	0.838670567945424	0.5446390350150271				3.9	0.7986355100472928	0.6018150231520483				2.8
10	2018-10-03 17:00:00		-0.017452406437283477	0.9998476951563914				4.4	0.42261826174069944	0.9063077870366499				5.8	0.8191520442889918	0.573576436351046				2.4	0.39073112848927366	0.9205048534524403				6.9	0.7660444431189781	0.6427876096865394				3.4	0.7431448254773942	0.6691306063588581				3.4
11	2018-10-03 18:00:00		6.123233995736766e-17	1.0				4.9	0.25881904510252074	0.9659258262890683				6.1	0.9563047559630354	0.29237170472273677				2.7	0.4539904997395468	0.8910065241883678				6.3	0.7193398003386512	0.6946583704589973				1.8	0.7071067811865476	0.7071067811865475				2.1
12	2018-10-03 19:00:00		-0.017452406437283477	0.9998476951563913				5.5	0.17364817766693041	0.984807753012208				7.3	0.981627183447664	0.19080899537654483				2.8	0.5000000000000001	0.8660254037844387				5.7	0.9876883405951378	0.15643446504023087				2.0	0.838670567945424	-0.544639035015027				1.0
13	2018-10-03 20:00:00		0.052335956242943966	0.9986295347545739				4.6	0.05233595624294397	0.9986295347545739				9.1	0.9612616959383189	0.27563735581699916				3.5	0.4694715627858909	0.8829475928589269				3.7	0.13917310096006544	0.9902680687415703				4.5	-0.5150380749100545	-0.8571673007021121				1.7
14	2018-10-03 21:00:00		0.3583679495453004	0.9335804264972017				4.0	0.0174524064372836	0.9998476951563913				8.9	0.9743700647852352	0.224951054343865				2.7	0.40673664307580015	0.9135454576426009				5.6	-0.03489949670250095	0.9993908270190957				6.5	0.9975640502598242	-0.06975647374412564				1.1
15	2018-10-03 22:00:00		0.06975647374412525	0.9975640502598243				3.7	6.123233995736766e-17	1.0				8.1	0.8386705679454242	0.5446390350150271				2.5	0.4383711467890774	0.898794046299167				5.2	-0.017452406437283477	0.9998476951563913				7.4	0.7431448254773942	0.6691306063588581				3.4
16	2018-10-03 23:00:00		6.123233995736766e-17	1.0				3.1	-0.05233595624294384	0.9986295347545738				7.1	0.29237170472273677	0.9563047559630354				1.1	0.25881904510252074	0.9659258262890683				4.1	-0.05233595624294384	0.9986295347545738				5.8	0.9510565162951536	0.30901699437494745				4.9
17	2018-10-04 00:00:00		0.06975647374412523	0.9975640502598242				3.1	0.052335956242943966	0.9986295347545738				8.2	0.7771459614569709	0.6293203910498374				0.5	0.46947156278589086	0.8829475928589269				3.9	0.9455185755993168	0.32556815445715664				3.2	0.7771459614569709	0.6293203910498374				4.1
18	2018-10-04 01:00:00		0.03489949670250107	0.9993908270190957				3.5	0.20791169081775948	0.9781476007338057				5.8	0.8090169943749475	0.5877852522924731				1.0	0.43837114678907746	0.898794046299167				4.7	0.6018150231520484	0.7986355100472928				4.6	0.6156614753256583	0.788010753606722				4.8
19	2018-10-04 02:00:00		6.123233995736766e-17	1.0				4.3	0.3420201433256688	0.9396926207859083				5.8	0.9335804264972017	0.35836794954530027				1.6	0.5000000000000001	0.8660254037844386				5.9	0.6293203910498375	0.7771459614569709				3.9	0.6293203910498374	0.7771459614569708				3.4
20	2018-10-04 03:00:00		0.03489949670250108	0.9993908270190957				3.6	0.32556815445715676	0.9455185755993167				6.8	0.9455185755993168	0.3255681544571567				2.0	0.5735764363510462	0.8191520442889917				6.6	0.37460659341591196	0.9271838545667874				6.2	0.4067366430758002	0.9135454576426009				6.0
21	2018-10-04 04:00:00		0.12186934340514749	0.992546151641322				2.8	0.5000000000000001	0.8660254037844386				6.4	0.8746197071393957	0.48480962024633706				0.4	0.4539904997395469	0.8910065241883679				6.0	0.37460659341591196	0.9271838545667874				6.7	0.5446390350150271	0.838670567945424				6.7
22	2018-10-04 05:00:00		0.052335956242943966	0.9986295347545739				2.3	0.5299192642332049	0.848048096156426				7.0	0.9271838545667874	0.374606593415912				1.4	0.766044443118978	0.6427876096865393				5.9	0.5735764363510462	0.8191520442889918				7.9	0.6946583704589973	0.7193398003386511				5.6
23	2018-10-04 06:00:00		-0.10452846326765355	0.9945218953682734				2.8	0.6427876096865394	0.766044443118978				7.0	0.9205048534524404	0.39073112848927377				1.2	0.7071067811865476	0.7071067811865475				5.3	0.6018150231520484	0.7986355100472928				8.4	0.6691306063588582	0.7431448254773942				8.3
24	2018-10-04 07:00:00		-0.25881904510252085	0.9659258262890683				1.8	0.7071067811865476	0.7071067811865474				6.2	0.9510565162951534	0.3090169943749474				1.1	0.9563047559630354	0.29237170472273677				1.9	0.7193398003386512	0.6946583704589973				7.5	0.6691306063588582	0.7431448254773942				7.1
25	2018-10-04 08:00:00		-0.4226182617406993	0.90630778703665	0.959139355323983	0.2829340860848942	0.9754160613125731	1.2	0.7313537016191705	0.6819983600624985	0.8162644191449538	0.5776784555771065	4.206653041911202	6.6	0.9455185755993167	0.3255681544571567	0.991614512096961	0.12923103109820688	0.7381073887394181	1.3	0.7431448254773942	0.6691306063588582	0.841126283014244	0.5408387708205115	3.582466869304774	2.5	0.766044443118978	0.6427876096865393	0.7138162201949704	0.7003330663238495	6.6326920284983455	7.9	0.7313537016191705	0.6819983600624985	0.6675421865060037	0.7445719772021935	6.015771789224415	6.7
26	2018-10-04 09:00:00		-0.4383711467890775	0.898794046299167	0.9597437026830861	0.2808772421542196	0.9674843780002474	0.7	0.8746197071393957	0.48480962024633706	0.830030984246383	0.5577172806996219	4.143926796567641	7.5	0.5877852522924731	0.8090169943749475	0.999772460075734	-0.02133138706495353	0.7835835402594067	0.3	0.9816271834476639	0.19080899537654478	0.8807255075777097	0.4736270476883532	3.3567840651409147	1.9	0.848048096156426	0.5299192642332049	0.695873561109987	0.7181643175124375	6.488747231749364	8.0	0.848048096156426	0.5299192642332049	0.6518968545116374	0.7583076493599633	5.789682030644962	6.3
27	2018-10-04 10:00:00		0.20791169081775945	0.9781476007338056	0.9603515318751057	0.2787919210184142	0.9584575407848737	2.0	0.9998476951563912	0.017452406437283508	0.843706930967332	0.5368040747215747	4.083662676623674	6.5	0.9205048534524404	0.39073112848927377	0.988038415949293	-0.15420793951159567	0.8481154387654958	0.8	0.9816271834476639	-0.19080899537654467	0.9191666721147261	0.3938687965218107	3.1548884389250915	1.5	0.848048096156426	0.5299192642332049	0.6766463897184873	0.7363081306633364	6.349048495754684	7.7	0.8191520442889918	0.573576436351046	0.6346635400587457	0.7727885809974814	5.566184596759743	6.5
28	2018-10-04 11:00:00				0.9918661722793798	0.12728509845167213	0.8333667422999624	0.0	0.9986295347545738	-0.05233595624294437	0.8986544322930161	0.4386572823060355	3.6828288898049655	5.8	0.9396926207859084	0.3420201433256687	0.9123571095551717	-0.40939529142887376	0.8976522431104867	1.0	0.9876883405951377	-0.1564344650402311	0.9484874643560008	0.31681466184430945	2.8585700711826663	1.6	0.8660254037844387	0.49999999999999994	0.7602679502420866	0.6496096087918468	6.172379603277698	7.1	0.8191520442889918	0.573576436351046	0.715573352735568	0.6985375987409543	5.479790881549263	5.4
29	2018-10-04 12:00:00		-0.7193398003386512	0.6946583704589971	0.9969763611032048	-0.07770543997309505	0.7134059156758413	0.9	0.9975640502598241	-0.06975647374412564	0.9503976417607348	0.31103749377789525	3.3393379450314202	4.1	0.9563047559630355	0.29237170472273677	0.7744254702204637	-0.6326651492486478	0.9411756727506715	1.6	0.9961946980917455	0.08715574274765817	0.975495694466332	0.22001852212404474	2.5919022064809987	1.4	0.9063077870366499	0.42261826174069944	0.8357271861507577	0.5491448536848331	6.089758116570259	6.4	0.8571673007021123	0.5150380749100542	0.7891831562371301	0.6141579161026922	5.461145881964311	6.5
30	2018-10-04 13:00:00		-0.4694715627858909	0.882947592858927	0.9439883275216715	-0.32997884402312466	1.3571556402222447	0.2	0.9876883405951377	-0.1564344650402311	0.9886502508704753	0.15023542010373622	3.072616109312028	3.7	0.4848096202463371	0.8746197071393957	0.6113412667676964	-0.791367080151094	1.0737647895433817	1.0	0.8571673007021123	0.5150380749100542	0.9950644349957639	0.09923089340805719	2.3514609137949556	2.0	0.9271838545667874	0.37460659341591196	0.898623735428486	0.4387201637998356	6.105110171371165	5.9	0.8386705679454239	0.544639035015027	0.8525850070989788	0.5225885625136034	5.511010033108085	5.1
31	2018-10-04 14:00:00		-0.12186934340514735	0.992546151641322	0.6840814681740607	-0.7294056106864147	0.6592850755390502	0.9	0.9781476007338055	-0.20791169081775984	0.9890006766890543	-0.14791099184507112	2.7059439312612334	3.3	0.46947156278589086	0.8829475928589269	0.5241756852856754	-0.8516101519799378	1.1993534300000472	1.1	0.9396926207859085	-0.3420201433256686	0.9643214349390054	-0.264734149888483	2.02662729468791	1.1	0.9993908270190958	-0.034899496702500823	0.9449037408087669	0.3273483169432809	5.326424854972172	5.1	0.9563047559630354	0.29237170472273677	0.9146338715465483	0.40428316935011277	4.877332859712454	6.6
32	2018-10-04 15:00:00		-0.1564344650402308	0.9876883405951378	0.36497420565301647	-0.931017630986626	0.827922628557689	0.2	0.9876883405951377	-0.1564344650402311	0.878236867898233	-0.478225892088981	1.7714492839763991	3.1	0.2588190451025203	-0.9659258262890683	0.4479852515844223	-0.8940409466925112	1.340028339006316	3.0	0.37460659341591196	-0.9271838545667874	0.7690565085639169	-0.6391807933875032	2.0435983520050782	1.4	0.9876883405951377	-0.1564344650402311	0.9847727537658719	0.17384655141929425	4.650360939401843	3.6	0.9816271834476639	0.19080899537654478	0.9697335131558499	0.24416574997819177	4.355055498139998	6.6
33	2018-10-04 16:00:00				0.13281813727823785	-0.9911404251719023	1.0594392210547563				0.676705358671286	-0.7362539355042975	1.5792336425388294				0.38248989114441073	-0.9239596761614312	1.4928781657772292				0.49694315638119313	-0.8677830946301598	2.3914641931166676				0.999526679030723	-0.030763905893331795	4.127928610571061				0.9992484540152524	0.038762445074169156	3.988414779412976	
34	2018-10-04 17:00:00				0.10596558406628584	-0.9943697979089524	0.9216204107638346				0.6655288586638279	-0.7463721178377596	1.4832142201494154				0.5519394478500532	-0.8338841921435964	1.6930036863642701				0.33057475065021186	-0.9437798123675619	2.4901218122100772				0.9913830033543748	-0.1309951932708205	3.1199026462373043				0.9964923518016416	-0.08368388614801008	2.8067035339943414	
35	2018-10-04 18:00:00				0.07095788503708628	-0.9974793123423982	0.7871490987479062				0.6529345761585519	-0.7574143114944767	1.3908284427864048				0.6715175566394389	-0.7409886443967938	1.9533401805074448				0.1715958458347896	-0.9851674302839306	1.5162285858044418				0.9481447263907755	-0.3178389180345309	2.1723986032603633				0.9321704402401285	-0.36201970988127835	1.7249447036593346	
36	2018-10-04 19:00:00				0.02363074584429838	-0.9997207549365185	0.6566485855859671				0.6386517636513823	-0.7694958900377433	1.301234198600966				0.7537882691793029	-0.6571173755484407	2.2078110337428627				0.03146875735730818	-0.9995047360119844	1.6705953265037643				0.7258964696693105	-0.687803980303714	1.4136716924212158				0.38160025287353244	-0.9243274565903883	1.0971849852226339	
37	2018-10-04 20:00:00				0.14610242617688018	-0.9892694683781712	0.7512508153500382				0.5697934312935283	-0.8217879566255197	1.3562895318845658				0.6671246591957571	-0.7449460981124371	2.0949408488135353				0.014713968924086466	-0.9998917436995374	1.6800767850972478				0.6413960383270054	-0.7672099595406869	0.7096927258816753				-0.35705545837382896	-0.9340831866838494	0.6096625084557327	
38	2018-10-04 21:00:00				0.2418155654704114	-0.9703222311666496	0.8570977600503569				0.5023181269519436	-0.8646828894661275	1.4241089111411613				0.5576330398164226	-0.8300875814666161	1.9742299549941014				-0.0018561446142133819	-0.9999982773621018	1.6905588123206792				-0.7053382972119996	-0.7088708531785439	0.16437866108828597				-0.9895163728830874	-0.14442073187842105	0.8632685565182932	
39	2018-10-04 22:00:00				0.31665625151540094	-0.9485403620174606	1.008143336669523				0.43767652575927685	-0.8991325034717013	1.5083533426535551				0.42644572642651124	-0.9045131521501306	1.9025324748560115				-0.018230397843701014	-0.9998338124880857	1.706750115755197				-0.9107796835685307	0.41289268339219454	0.7545440206652244				-0.9777001917059818	0.2100055597789895	1.524916321534642	
40	2018-10-04 23:00:00				-0.13479140656719268	-0.9908739963868453	0.7478969175215692				0.16219806274483303	-0.986758221876982	2.351934134873953				0.26483378850238637	-0.9642940757193695	1.4404069598413898				-0.20577135002779667	-0.9786000978478073	1.4238179502171833				-0.914723876794447	0.40407948379265357	0.9993919377436652				-0.9388738533292406	0.34426136514965455	1.8061221974464243	
41	2018-10-05 00:00:00				-0.6429858124582055	-0.7658780875423068	0.7746207899142019				-0.207288155776159	-0.9782799295063345	2.1895371382922053				-0.01917722551863741	-0.9998161001011171	1.0632898879028685				-0.44545483678265824	-0.8953044110172447	1.213373681210508				-0.9170745597692386	0.39871575316766367	1.244350415398229				-0.8994618478387597	0.43699929551714845	2.1130108380546924	
42	2018-10-05 01:00:00				-0.8951936144305795	-0.4456774536396419	1.0414022801011553				-0.5489840344593389	-0.8358328361034564	2.348700444758564				-0.4508905585204917	-0.8925792425533315	0.8700729737994076				-0.697818856033796	-0.7162742799819661	1.132311407133619				-0.9186346101562667	0.39510815357702234	1.4893888957299988				-0.8643378585409323	0.5029115889427045	2.435927098986712	
43	2018-10-05 02:00:00				-0.9441326928704032	-0.32956555987129593	0.9428761926499601				-0.692590082338966	-0.7213313925275289	2.1400969683169384				-0.544366785141765	-0.8388473062687986	0.7095932442671067				-0.7791534413184572	-0.6268332432805439	1.9701416027919387				-0.9398203660141161	0.3416689620452708	2.002151677006473				-0.9176970294751859	0.3972809611501913	2.64042677721833	
44	2018-10-05 03:00:00				-0.9823915081603191	-0.1868339495233505	0.868703238699749				-0.830326448337088	-0.5572773000866957	2.0173473267708997				-0.6698223128718972	-0.7425214267473649	0.5666671721827093				-0.8557760125200119	-0.5173465148189834	1.8872624931891653				-0.9508885126249803	0.30953357904733514	2.5189335415230216				-0.9528447523761799	0.3034581978941686	2.876459153146423	
45	2018-10-05 04:00:00				-0.9997972550224686	-0.020135760465823042	0.8186078968796598				-0.9356428253912309	-0.35294830116309467	1.9964220001568846				-0.826086314221942	-0.5635436109612166	0.4498344556645964				-0.9208115329913127	-0.39000784698540186	1.8408424180933798				-0.9575842605412588	0.28815340352605695	3.0377328685997833				-0.9750220248612137	0.22210819668697232	3.1369369073845936	
46	2018-10-05 05:00:00				-0.9856579022258783	0.16875573999032148	0.7414694679255137				-0.9698107936591127	-0.24385861580490026	1.7760622228189358				-0.9816248998099761	-0.19082074329866316	0.4093142462439364				-0.9921187353249928	-0.12530129694914066	1.7757010528814476				-0.9132891829524352	0.4073117581191012	3.298726361852578				-0.9358104047059267	0.3525037396172269	3.373340438859525	
47	2018-10-05 06:00:00				-0.9256605546520661	0.37835504167544687	0.6922536353953836				-0.9947946671892988	-0.10189980437533926	1.58516823462216				-0.9760274565033001	0.21764743084102461	0.44850668619333034				-0.9851276881331036	0.17182385769597483	1.7781967624112862				-0.8645010919935564	0.5026309400961589	3.6049779700257787				-0.8884468762227444	0.4589794637345419	3.6637423030163503	
48	2018-10-05 07:00:00				-0.8148218089545721	0.5797114969120405	0.6926996027317525				-0.9970545678017073	0.07669542897559531	1.4355856772772602				-0.8633805320900988	0.5045533240479325	1.1520770274516674				-0.9020051969349542	0.43172517265308313	1.9310177981442436				-0.8161022186089762	0.5779075780620174	3.945992683721617				-0.8390714968320498	0.5440211606215548	3.99641980803836	
49	2018-10-05 08:00:00				-0.7661135055955688	0.642705295251306	0.6755398564442087				-0.961852841911436	0.2735673783675495	1.5065888381846975				-0.7693113141704903	0.6388740892298523	1.1776010979987102				-0.8207291169926941	0.5713175268800992	2.035593598801091				-0.7957949994637386	0.6055661143331157	3.536182809135919				-0.794469321504453	0.6073042871479291	3.4133886871361088	
50	2018-10-05 09:00:00				-0.7102567345903325	0.7039427327340471	0.6632039117681765				-0.8990804469468584	0.4377834509410303	1.6315282206183959				-0.6627158214372247	0.7488709768823895	1.2330844752246604				-0.7311862880911467	0.6821778449257132	2.187590812425914				-0.7688671427219647	0.6394085680084074	3.131542672217792				-0.7241219287364302	0.6896719744364216	2.858997415273064	
51	2018-10-05 10:00:00				-0.6477946226040986	0.7618150214620433	0.6588400061956607				-0.825150074726231	0.5649135811602473	1.7992270591414206				-0.5540277577711374	0.8324981943638591	1.3147535319717643				-0.6427471810185571	0.7660783649814804	2.2675920315828195				-0.73190434186859	0.6814073923534335	2.7344121719383505				-0.6069555292235743	0.7947357960636546	2.353678345640011	
52	2018-10-05 11:00:00				-0.47450767750678313	0.8802513640927339	0.7253374929535885				-0.6536356361492931	0.7568093915615138	1.8493873576438529				-0.47934092837446557	0.8776287793737768	1.417967260244091				-0.4667849862518362	0.8843708365894214	2.426845792741141				-0.708126599310323	0.7060854901137661	2.555403556457847				-0.5367277720681518	0.8437554732804748	1.9127784456617252	
53	2018-10-05 12:00:00				-0.3165630482638558	0.9485714714632185	0.8234685007288757				-0.46364150098802437	0.8860228882831254	2.0122694362386215				-0.41225751420285967	0.9110673641302706	1.5304996852028836				-0.30128825834383155	0.953533106600993	2.681448141128797				-0.679774523597274	0.7334211594084937	2.3798112643868543				-0.4180762596728283	0.9084119335950942	1.4940766971528583	
54	2018-10-05 13:00:00				-0.18487076010361372	0.9827628412077413	1.9637679423534944				-0.2902632367392094	0.9569468393791148	2.263714174765974				-0.3527647978924492	0.9357120269441337	1.6504513760965098				-0.16034713107132043	0.9870606858533049	3.000194687462321				-0.6456471435698479	0.7636358857466669	2.2084621803112547				-0.19822968245336695	0.980155596318481	1.1227952198952817	
55	2018-10-05 14:00:00				0.09543329583918601	0.9954358271858967	1.978204597042556				-0.04653353225293316	0.9989167284494064	2.1710958906119107				0.03926521408674249	0.9992288241252463	1.0692421561550964				-0.07382502837353562	0.9972712094438737	3.090100375522207				-0.46668408137816214	0.884424088426034	2.161223977517045				0.05607380237796796	0.998426626591497	1.0856133383584894	
56	2018-10-05 15:00:00				0.346011115810562	0.9382304129239948	1.1196958789963065				0.12384823565133929	0.9923011712812045	2.6464349393132083				0.2919517698381325	0.9564330421354034	2.3154672808621743				0.007812729590624064	0.9999694801624416	3.202230310648906				-0.2667271479182987	0.963772083307755	2.216752168591071				0.3070619515390022	0.9516895281114842	1.1214702795121791	
57	2018-10-05 16:00:00				0.5338140988249122	0.8456018613364963	1.2879769471872065				0.24003770836935426	0.9707635647060456	3.0983403886926584				0.44003695407986865	0.8979796651618074	2.9506160445432457				0.0834869915529799	0.9965088671163106	3.3343081132986896				-0.07342800021838042	0.9973005207979838	2.3678674834246354				0.5129823262027967	0.8583991688040986	1.2239911589893229	
58	2018-10-05 17:00:00				0.6291641169199671	0.7772724837406236	1.3498692356258994				0.28126326693167736	0.9596306449227848	3.844005176696723				0.38225017552101975	0.9240588743766003	3.0906193871323313				0.030289209252240722	0.999541176642	3.2259245238226746				-0.00453811661937815	0.9999897026957573	2.216298573300702				0.45331542747815945	0.8913501686824845	1.0602735092953723	
59	2018-10-05 18:00:00				0.7087445681469764	0.7054651919989787	1.34647299996252				0.3229976113706556	0.9463997797172455	3.7918566344892475				0.32460302890592563	0.9458503442009729	3.2666820921973314				-0.026487397981233812	0.9996491473252922	3.1273668671301253				0.07404512210681849	0.9972548921375048	2.076753253484603				0.36908573474958695	0.9293953520458114	0.9032336650620797	
60	2018-10-05 19:00:00				0.7732490910616688	0.634102391709969	1.4424669262379317				0.3651725133180708	0.9309398667566899	3.747158533830114				0.2677389679568046	0.9634914867488062	3.3299743798737564				-0.08661303604218676	0.996242029823855	3.0397203780244357				0.16273242283615585	0.9866702380014686	1.9518236692745299				0.24579850880164436	0.9693209443063159	0.7570581563623999	
61	2018-10-05 20:00:00				0.7613802450831464	0.6483055779469492	1.535400817593234				0.30639397631731524	0.951904791077587	2.856768293099548				0.3137464206922893	0.949506810666873	3.0729608448524193				-0.12385428284324387	0.9923004165177932	3.0511543781516797				-0.13246895793797572	0.9911871544682299	2.524854983358458				-0.22225285958924543	0.9749890596331855	1.420961391424463	
62	2018-10-05 21:00:00				0.7504391360455608	0.660939560845916	1.6292167518642997				0.24084064962678317	0.9705646714605622	2.4716861152487124				0.36706536179284094	0.9301951516600647	2.8243026409151617				-0.16059710469339158	0.987020045370964	3.0669451601282054				-0.30511297804572907	0.952316161066306	3.233657462719032				-0.37254247107501515	0.9280151438663712	2.1950991122978145	
63	2018-10-05 22:00:00				0.7403347529457451	0.6722383904395541	1.7232217299320718				0.16844756472069392	0.9857106157182584	2.3755524254892393				0.4288864410407489	0.9033584120886905	2.586426282230279				-0.1967014915303713	0.9804634226883364	3.087094978414238				-0.4090143888666149	0.9125279336546741	4.0068740276872195				-0.4406227409051262	0.8976923750357101	2.9952564733470517	
64	2018-10-05 23:00:00				0.6612626711153113	0.7501544372923776	1.2398243174791794				0.06842375934685607	0.9976563482266042	2.3269018963559125				0.3491475093561861	0.9370677759427927	2.384986573197923				-0.2261640681562178	0.9740892229539497	2.763777589321787				-0.3779736212344207	0.9258163649725244	4.082719266916582				-0.3759112797319538	0.9266556586835721	3.0129437100360703	
65	2018-10-06 00:00:00				0.4466708828303066	0.8946983415831251	0.7006345566269944				-0.03785660109483934	0.9992831819627239	2.344934694285098				0.26314703916760274	0.9647557389190925	2.2842116327486393				-0.26301869789091475	0.9647907361494343	2.449817074667592				-0.3476871052605875	0.9376106211191899	4.163048585926595				-0.3104187018814154	0.9505999313708459	3.045560704622612	
66	2018-10-06 01:00:00				-0.3144163311009003	0.9492851893593669	0.35549995723386885				-0.1471423704477184	0.9891153233162584	2.4911285203213454				0.1724482443805258	0.9850185800329222	1.359126487091497				-0.31020281033634306	0.9506704036938538	2.1343257426718165				-0.31822706789908534	0.9480145216484561	4.247608809407269				-0.2451554915624704	0.969483772405069	3.092639593091887	
67	2018-10-06 02:00:00				-0.4466677342490348	0.8946999134798403	0.1028562828659238				-0.3387362521006281	0.9408813695215884	2.782176238255228				0.547202913364234	0.8369999830380493	1.6218060547299813				-0.4374930171768385	0.8992218079659249	2.135507653605269				-0.17905290187362707	0.9838394474357253	3.650574555900433				-0.03401724933000012	0.9994212458958537	2.733652749047822	
68	2018-10-06 03:00:00				0.03454268914617799	-0.9994032232420258	0.10501108712612647				-0.5490888211704833	0.8357640016569325	2.605622397211006				0.9352384562008126	0.3540184035373314	0.8540263908571578				-0.5543566831471677	0.8322792006592925	2.1768041885041094				0.014091118144188454	0.999900715265994	3.15662939390973				0.2260660760962853	0.9741119695591614	2.5313797836976892	
69	2018-10-06 04:00:00				0.17415380208907644	-0.9847184639367329	0.35839164646015453				-0.7412781605809751	0.6711979504182699	2.588846765424661				0.9874696540236876	-0.15780900602417725	1.0103451803350985				-0.6557881426556224	0.754944972797547	2.255962788239834				0.26330843884708965	0.964711700992534	2.82053930858361				0.4903509868647656	0.8715250482233716	2.5238464815026687	
70	2018-10-06 05:00:00				0.11623007584704914	-0.9932223162356901	1.0314978118724492				-0.592334607874366	0.8056920704055123	1.7155924318633373				0.4165072860800042	-0.9091323779528863	1.4489452985561417				-0.5898631325846081	0.8075032413665428	1.2206445437691829				0.5983535353568681	0.8012322052476032	2.026840453072088				0.8698588018040805	0.4933007854483604	2.4687717478355533	
71	2018-10-06 06:00:00				0.1017616761932624	-0.9948088063835873	1.781603235442811				-0.11136090392772417	0.9937800305280844	0.6928142281789821				0.02475863339367533	-0.9996934580522558	2.6042368900486625				0.1144761972157812	0.9934259913405797	0.27540867118927775				0.9543300886773844	0.29875421644725836	1.7634377448293075				0.9970339706771542	0.0769627267951686	3.0665667490982895	
72	2018-10-06 07:00:00				0.0951923735048209	-0.9954588951968427	2.585377782365476				0.7618966435050751	0.647698621749113	1.0365361157740018				-0.13325094195375925	-0.9910823308224378	4.067444087772991				0.8758309839466271	-0.48261795196519913	0.8921288438542105				0.9666537968136959	-0.2560867765146537	2.227347073375189				0.9827825513951762	-0.18476595106563362	4.037039526157255	
73	2018-10-06 08:00:00				0.0055190668735926604	-0.9999847698344434	2.604216114642571				0.17690420509749294	-0.984228074289097	1.502725384020662				-0.10805709718387274	-0.9941446895438285	3.8522997676095914				0.07235541840345192	-0.9973789116617924	1.6161261750705496				0.9566171428923099	-0.2913479739496292	2.7721747170263034				0.9847847998761841	-0.17377830109891262	4.064360487492529	
74	2018-10-06 09:00:00				-0.08270111548044765	-0.9965743953655891	2.6463376915604258				-0.07093055056725389	-0.997481256463612	3.6387447043045333				-0.08021328847164706	-0.9967777226405917	3.6399505512506605				-0.07319664740228561	-0.9973175275753783	3.284706858069738				0.9491613889639728	-0.3147898627655944	3.319543007895777				0.986639843239343	-0.16291660361253754	4.09217849235039	
75	2018-10-06 10:00:00				-0.16752784202595977	-0.9858673451058845	2.7105143484725107				-0.1340784412979299	-0.990970721857673	5.832961586659457				-0.04935528640586808	-0.9987812852190386	3.4305597626897613				-0.12661021841502512	-0.9919525455347646	5.129848973729623				0.9434647198895777	-0.33147295866130705	3.8683887225026883				0.9883523870555643	-0.15218265013321325	4.12048359212497	
76	2018-10-06 11:00:00				-0.10956647609833751	-0.9939794702685727	2.5857576022224444				-0.14112273831605032	-0.9899921074080235	5.73303854831722				-0.03236829444716569	-0.9994760094742552	3.3312400993510414				-0.11455842736336004	-0.9934165122042383	4.902763835073709				0.6484335523362447	-0.7612712579656471	3.6908189818021353				0.7980264401509944	-0.6026224363728347	3.8167030197943053	
77	2018-10-06 12:00:00				-0.04646566985660331	-0.9989198874408184	2.4691964188631004				-0.148409572974649	-0.9889259823917472	5.633401845936262				-0.014498277065188001	-0.9998948944574829	3.2337359196681934				-0.10149999450097949	-0.994835539733227	4.683326346834558				0.25352004691122326	-0.9673301327954854	4.483751766179078				0.4530445992669261	-0.8914878524551361	4.456720568719074	
78	2018-10-06 13:00:00				0.021627282209609997	-0.9997661029782045	2.366138555461278				-0.1559504280674261	-0.9877648829481571	5.534068334951023				0.0043069187278511325	-0.9999907251825246	3.1377881216121044				-0.0873110584044657	-0.9961810975321164	4.472290777888773				-0.02043878968423482	-0.9997911061197953	5.866147790173744				0.17308775168100946	-0.9849064068316407	5.732833557620644	
79	2018-10-06 14:00:00				-0.01475952667379659	-0.9998910722535557	2.2405217902894754				-0.19991779645257962	-0.9798126732501192	5.271691584745862				-0.03829269674662257	-0.9992665657250177	2.9058076634368706				-0.1039171335046071	-0.9945859587608231	4.2034435484176855				-0.17438166868711588	-0.9846781370711432	6.219730319509987				-0.028358735479355263	-0.9995978101826813	5.969885413023677	
80	2018-10-06 15:00:00				-0.05463122639749577	-0.9985065994285194	2.1205606448789216				-0.24791952568265885	-0.9687806298565664	5.020906631587139				-0.08699110741579164	-0.9962090881088037	2.6842591763306043				-0.12247658571317765	-0.992471403090307	3.9353724761625277				-0.30565678003352037	-0.9521417608841344	6.70483425878939				-0.20705649364743944	-0.978328987835088	6.4279793985415985	
81	2018-10-06 16:00:00				-0.0982934429872272	-0.9951574745062797	2.0063861119975948				-0.300126277085374	-0.9538994799258849	4.783543951040348				-0.14276432067418698	-0.9897567118956243	2.4748070816399874				-0.1433320701648814	-0.989674652429903	3.667105571805127				-0.41317149448814505	-0.9106532359479281	7.295293338506162				-0.352857223517588	-0.9356771771350731	7.064280756252544	
82	2018-10-06 17:00:00				-0.11488813435611943	-0.9933784357354303	1.784424612245262				-0.2766779684629505	-0.9609626953046694	4.552249133160231				-0.19125719744706998	-0.9815399555925842	2.1278619379677344				-0.14027325112274364	-0.9901128294388755	3.4125398599418815				-0.3503635814478343	-0.9366137735454496	7.048668762588553				-0.30175673179306406	-0.9533849562572134	6.926763806327927	
83	2018-10-06 18:00:00				-0.13535130984736884	-0.990797670022796	1.568634691747147				-0.25054252503956276	-0.9681055950395081	4.323957899478072				-0.25488049600333823	-0.9669725604985348	1.7963253669829777				-0.13680398074930056	-0.9905981379202896	3.1555195904795124				-0.2815552596726342	-0.9595450149683835	6.83685397366809				-0.24781459418234175	-0.9688074767002168	6.810281623519724	
84		2018-10-02 06:00:00			-0.16117557263385285	-0.9869257493784169	1.3608130929260467				-0.22130119286445896	-0.9752055075914858	4.099176480425059				-0.34062800609743676	-0.940198150105649	1.4696391981251336				-0.13283593705175692	-0.9911380397440014	2.9037182355984923				-0.20714962574196946	-0.9783092724465827	6.663178710345842				-0.19135870645950262	-0.9815201706853232	6.7159338562521995	
85		2018-10-02 07:00:00			-0.2034230908505755	-0.9790909284171714	1.22022937249701				-0.28434870917982735	-0.9587209247678732	4.059912819825451				-0.43017516463544414	-0.9027454390529307	1.384696142592981				-0.1784535981275302	-0.9839483285799808	2.6806601160719374				-0.19536481737397282	-0.9807306399478066	6.528291230445022				-0.18454175741737588	-0.9828246739725791	6.556285386746181	
86		2018-10-02 08:00:00			-0.2545329361646491	-0.9670641056348863	1.0844610367494618				-0.34711669550870294	-0.9378219445604364	4.038184749211684				-0.5242378358685595	-0.8515718944656694	1.3161977522793713				-0.23025402230778227	-0.9731305591805692	2.470052578581066				-0.183053868537672	-0.9831028843480181	6.394375678868054				-0.17737494125089925	-0.9841433484082693	6.396954316647293	
87		2018-10-02 09:00:00			-0.3170125894896218	-0.948421329423313	0.9499033712345935				-0.4087529191076476	-0.9126450849705908	4.034278634633358				-0.6192636618971767	-0.7851831105249902	1.265909576767908				-0.28903369793548983	-0.957318923586981	2.253575289326224				-0.17018706663394603	-0.9854117729916427	6.261495937244429				-0.1698318698771502	-0.9854730518761183	6.237966711821126	
88		2018-10-02 10:00:00			-0.5074821202909535	-0.8616622874334225	0.9173441984381548				-0.4523732991369165	-0.8918286821065926	4.187535435257105				-0.7449502592462512	-0.6671200126281202	1.417089168702524				-0.395433041260654	-0.9184948066697762	2.3004377932859223				-0.22335968356537483	-0.9747360933901934	6.46768062991626				-0.2073316672382532	-0.9782707088327882	6.353605237670872	
89		2018-10-02 11:00:00			-0.6783613737735603	-0.7347284168807192	0.9310734494308517				-0.49188621557357776	-0.8706594919534867	4.349878944066376				-0.8298833795818726	-0.5579368927520114	1.61477768427557				-0.4921900313534002	-0.8704877787978066	2.3837811771071227				-0.27252130116588746	-0.9621497494729454	6.691695422699937				-0.24315700882860325	-0.9699869427252753	6.478171749967271	
90		2018-10-02 12:00:00			-0.8100480497158082	-0.5863635025746534	0.9937546396073874				-0.5276098468503502	-0.8494868153812336	4.5203315945247455				-0.8859107231377534	-0.4638557864568932	1.8439273510701064				-0.577336060124253	-0.8165066280687531	2.502465272979937				-0.3177604020182453	-0.9481710430661775	6.93181434316516				-0.27727843879779607	-0.9607896061978695	6.611162722020385	
91		2018-10-02 13:00:00			-0.9062420161355098	-0.42275927924842344	1.054404178052497				-0.5658184434459238	-0.8245298594086401	4.242970303475877				-0.9089311525130215	-0.4169462315351351	1.805763464770767				-0.6543582076471988	-0.7561847235198194	2.3414553513571397				-0.4198677897069875	-0.9075852792804481	6.860285311740987				-0.37206301915368817	-0.9282074713005937	6.497757706743146	
92		2018-10-02 14:00:00			-0.9636927056271661	-0.267013799495442	1.154893667453558				-0.6078317055575384	-0.7940658774428064	3.9756550594599527				-0.9301253341611708	-0.3672422398793066	1.7739199618597807				-0.7330099501682296	-0.680217915784618	3.7422170163862694				-0.5177212790732337	-0.8555493423495659	6.872803844897939				-0.46531828174806567	-0.8851434328237587	6.451586977245343	
93		2018-10-02 15:00:00			-0.9914226938826045	-0.1306944606881231	1.2919987535121673				-0.6537479076224465	-0.7567124112100139	3.7205572420810094				-0.9490911439776258	-0.3150015879693967	1.7491885479432276				-0.809214453849435	-0.5875133765976402	3.592812342970028				-0.6078419524741765	-0.7940580336552115	6.968927746032736				-0.5539813571437459	-0.8325290721273182	6.474098276865615	
94		2018-10-02 16:00:00			-0.9771140658213245	-0.21271601344073798	1.1969944017916465				-0.6369025424987182	-0.7709443244221131	3.537308736845769				-0.8964007329610745	-0.44324454418170633	1.5941014172085144				-0.794297616832275	-0.6075288436729311	3.412127895471578				-0.6075080435051019	-0.7943135256789998	6.692047316021846				-0.5678425832371041	-0.8231371700164029	6.336920867023969	
95		2018-10-02 17:00:00			-0.9526601426228822	-0.3040372553779386	1.1115018605529792				-0.6178642640801671	-0.7862847774010848	3.3559585335250306				-0.8137248187896826	-0.5812503069123476	1.480964212806532				-0.777156665899469	-0.6293071719343591	3.2326577926116413				-0.607145174629399	-0.7945909242649556	6.415152961525985				-0.5821436172769372	-0.8130859787646831	6.201588898951286	
96		2018-10-02 18:00:00			-0.9150359974972131	-0.40337218952758747	1.0454253721454423				-0.596230286776805	-0.8028134559971258	3.1768340357876745				-0.6972324577970829	-0.7168451016741616	1.423314880184214				-0.7573438335665441	-0.653016322735298	3.0551072105569608				-0.6067494078530999	-0.7948931727407857	6.138245529366398				-0.5968885779176155	-0.8023241399531033	6.068227097821811	
97		2018-10-02 19:00:00			-0.8900258318859124	-0.4559100992254828	1.0589070836775534				-0.6125555178148431	-0.7904275663174897	3.2437257824205874				-0.7323086040242299	-0.680972913170622	1.4657867900245019				-0.725737642362259	-0.6879715651525647	3.1431153344549516				-0.6075694209540103	-0.7942665791292043	6.181275859148736				-0.5921634769740147	-0.8058178556833087	6.051489223907758	
98		2018-10-02 20:00:00			-0.8626414166663948	-0.5058159608511731	1.076492622877535				-0.6279736961346115	-0.7782345642304991	3.311924866442458				-0.7636886373392163	-0.6455847467211187	1.5175262847144213				-0.6944730872262871	-0.7195186801733432	1.8652232789518075				-0.6083774904220247	-0.7936477991828611	6.224310554739931				-0.5873915394949395	-0.8093028971465288	6.034957322926406	
99		2018-10-02 21:00:00			-0.8333342173526447	-0.5527694656809972	1.0979364472715736				-0.6425367961474827	-0.766254830716602	3.3813522883463145				-0.7916349958000276	-0.6109942990116114	1.572657014287034				-0.6637796034891	-0.7479282305086853	1.9307760156584044				-0.6091738721422284	-0.79303669114313	6.267349528097628				-0.5825727082178145	-0.8127785920161537	6.018633294419715	
100		2018-10-02 22:00:00			-0.8841709925436706	-0.46716341460386257	1.0400903342399335				-0.7220349342745473	-0.6918565990775473	3.4713929054116073				-0.8417657785818687	-0.5398429160491601	1.481084466869599				-0.7446515802390744	-0.6674533871720552	3.3447368862097346				-0.7033698612124666	-0.7108240558239117	6.410798562547336				-0.6748786242801679	-0.7379287516350803	6.138454698455825	
101		2018-10-02 23:00:00			-0.9296466672908561	-0.36845226827230165	0.9945206142934921				-0.7889071312842287	-0.6145124394256708	3.6002970176938254				-0.8897190164700817	-0.4565085669858898	1.403783176800289				-0.8148086568911547	-0.5797299825394859	3.3936631938231656				-0.7820928346463663	-0.6231619356112916	6.649388574633148				-0.7536777912762902	-0.6572440847484994	6.3411055337147575	
102		2018-10-03 00:00:00			-0.9661195547731881	-0.258094955171264	0.9649392279083511				-0.8432722296415414	-0.5374866944542752	3.7640773717275926				-0.9325772798289236	-0.36097038264501086	1.3432179156560546				-0.8725166642984882	-0.4885843535372774	3.485931541543017				-0.8448906937918659	-0.5349389830101181	6.973368993991306				-0.8181923023422782	-0.5749446550650261	6.618989460419617	
103		2018-10-03 01:00:00			-0.9956227369672042	-0.09346317795759616	1.0279303282260335				-0.8944166580643816	-0.44723466075086715	3.6784439022189765				-0.9684648107333997	-0.24915037702383758	1.2939807082417325				-0.9282846021134824	-0.3718705386004832	3.3371723938401487				-0.8533173721222482	-0.5213918511392183	7.022662153233993				-0.8282973247031138	-0.5602888022169142	6.722254242093253	
104		2018-10-03 02:00:00			-0.9986078392757357	0.052748301745615726	1.1211956310217253				-0.937243479607905	-0.3486755797764828	3.634042734258221				-0.9920201036233206	-0.12607979222372004	1.2564498604891972				-0.9708645956105904	-0.23962874825422106	3.3779214580767296				-0.8614121444697881	-0.507906602989133	7.073715788799992				-0.8378433093154021	-0.5459107885318035	6.827584404265458	
105		2018-10-03 03:00:00			-0.9844192094792203	0.17583748180722703	1.239576180401382				-0.9695836044595503	-0.24476036027761183	3.632390085394569				-0.999994079758304	0.0034409952546567077	1.2429919673128726				-0.9951961140075394	-0.09790145384156768	3.353371140650091				-0.8691807351679229	-0.4944945395178283	7.126492210280406				-0.8468586589298055	-0.531818025075882	6.934885954784565	
106		2018-10-03 04:00:00			-0.95717781521218	0.28950065641659206	1.2239540887607192				-0.968842592935236	-0.2476772700804991	3.17564837057661				-0.9898729603334405	0.14195605799229152	1.3189015660759384				-0.997865156981807	-0.0653079511367012	2.9443001932109407				-0.8686731989495011	-0.49538558056007265	6.985405125009221				-0.8557455967255274	-0.5173968241928734	6.810593444010816	
107		2018-10-03 05:00:00			-0.9174997757858343	0.3977362963484018	1.2424748234119412				-0.9678389102443957	-0.25157075310325855	2.718931707690389				-0.9648499392257917	0.2628014360234476	2.645973324772694				-0.9997544699990812	-0.02215851341710911	2.5393789509161517				-0.8681437537307061	-0.49631282761818607	6.844318929055076				-0.8647010812615916	-0.5022868105624857	6.688321413293562	
108		2018-10-03 06:00:00			-0.8678746079376776	0.4967833178529875	1.2813777832982278				-0.9664035579664899	-0.25702949859833046	2.2622640066643966				-0.9311466838570496	0.364644831503231	2.849279477010204				-0.9993059641048013	0.037250370529341596	2.14097104135328				-0.8675909544656896	-0.4972785293266882	6.703234387202213				-0.8737055853879789	-0.48645508534894494	6.56818346817788	
109		2018-10-03 07:00:00																																				
110		2018-10-03 08:00:00																																				
111		2018-10-03 09:00:00																																				
112		2018-10-03 10:00:00																																				
113		2018-10-03 11:00:00																																				
114		2018-10-03 12:00:00																																				
115		2018-10-03 13:00:00																																				
116		2018-10-03 14:00:00																																				
